教育培训,杭州市下城区哈道健身馆-凤起馆 ,杭州市凤起路75号三楼301
教育培训,杭州市下城区哈道健身馆-城西馆 ,杭州市文二西路489号颐景园综合大楼901室
教育培训,杭州市下城区哈道健身馆-仓前馆,杭州市仓前镇仓兴街429号
美容养生,莎蔓莉莎美容会所-建国店,杭州市下城区建国北路605号
美容养生,莎蔓莉莎美容会所朝晖会所,杭州市下城区朝晖路109号星都嘉苑4-3号
美容养生,莎蔓莉莎美容会所文新会所,杭州市西湖区文二西路103号
美容养生,莎蔓莉莎美容会所黄龙会所,杭州市西湖区天目山路159号现代国际大厦A座10楼D室
美容养生,莎蔓莉莎美容会所凯旋会所,杭州市江干区庆春东路82-1号
美容养生,莎蔓莉莎美容会所三里亭会所,杭州市江干区三里亭路41号
美容养生,莎蔓莉莎美容会所北景园会所,杭州市下城区永清路163号
美容养生,莎蔓莉莎美容会红石店,杭州市拱墅区叶青兜路49号
美容养生,莎蔓莉莎美容会所风荷会所,杭州市滨江区风荷路820号
美容养生,莎蔓莉莎美容会所潮王会所,杭州市上塘路329号东方豪园俊豪阁1楼D室
教育培训,英孚教育城东学校,杭州市解放路85号伟星世纪大厦4楼
教育培训,英孚教育武林学校,杭州市延安路515号国信大厦6楼
教育培训,英孚教育临平学校,杭州市余杭区南兴路61号国泰教育广场1楼
教育培训,英孚教育湖州学校,杭州滨江区人民路133号爱山广场20幢6楼
健康养生,三菩提健康文化会馆-中北店,杭州市西城区中山北路607号现代城建大厦401室    
健康养生,三菩提健康文化会馆-城西店,杭州市文一路66号白荡海人家6幢4号商铺
健康养生,三菩提健康文化会馆-文一店,杭州市紫荆花路1号府苑新村内39-42号商铺
健康养生,三菩提健康文化会馆-钛合店,杭州市朝晖路168号钛合国际大厦A座504室
健康养生,三菩提健康文化会馆-钱江店,杭州市江干区太平门直街669号   
健康养生,三菩提健康文化会馆-余杭店,杭州市余杭镇禹航路大禹御景城六号 
美食小吃,7点自造烘焙坊-拱墅店,杭州市拱墅区信义坊商街105号3F
美食小吃,7点自造烘焙坊-下沙店,杭州市下沙6号大街27号路口朗诗国际街区86号
健康养生,西紫女子舞蹈-文三古墩店,杭州市西湖区文三西路203号(近竞舟路)
健康养生,西紫女子舞蹈(文一紫荆花店),杭州市西湖区紫荆花路386号(星艺街路口)
美容养生,美荷美容-善德路店,杭州市拱墅区拱苑路105—107号
美容养生,美荷美容-德嘉路店,杭州市下城区刀茅巷7—8—9号
美容养生,美荷美容-下沙店,杭州市下沙区大都文苑风情3—4号商铺
美容养生,瑞曼蒂美容美体养生馆-杭州中河店,杭州市上城区庆春路159号中河大厦527室  
美容养生,瑞曼蒂美容美体养生馆-杭州国际店,杭州市西湖区天目山路158号国际花园东写字楼15B  
美容养生,瑞曼蒂美容美体养生馆-萧山新世纪店,杭州市萧山区新世纪广场B座1002室
美容养生,瑞曼蒂美容美体养生馆-萧山金茂店,杭州市萧山区市心中路398号金茂大厦写字楼1002室
美容养生,瑞曼蒂美容美体养生馆-萧山金城店,杭州市萧山区金城路知嫁苑23幢4单元1302室
美容养生,娑尚养生-城西旗舰店,杭州市萧山区金城路知嫁苑23幢4单元1303室
